ubicación,precio,tamaño,habitaciones,baños,estacionamientos,link
 Bonanza,8000,150,3 ,2.5  , 2.0  ,http://www.casasyterrenos.com/detalle-casa/renta-bonanza-tlajomulco+de+zuniga-jalisco-45640-2247784
 Los Olivos De Tlaquepaque,5000,100,3 ,2.5  , 2.0  ,http://www.casasyterrenos.com/detalle-casa/renta-los+olivos+de+tlaquepaque-tlaquepaque-jalisco-2202081
 Parques Del Bosque,8900,80,2 ,2.5  , 1.0  ,http://www.casasyterrenos.com/detalle-casa/renta-parques+del+bosque-tlaquepaque-jalisco-45609-2230025
 Nueva Galicia Residencial,16000,171,3 ,2.5  , 2.0  ,http://www.casasyterrenos.com/detalle-casa/renta-nueva+galicia+residencial-tlajomulco+de+zuniga-jalisco-45645-2247483
 Lomas De Santa Anita,17000,300,3 ,3.0  , 6.0  ,http://www.casasyterrenos.com/detalle-casa/venta-lomas+de+santa+anita-tlajomulco+de+zuniga-jalisco-45640-1859558
 Club De Golf Santa Anita,80000,810,3 ,4.5  , 6.0  ,http://www.casasyterrenos.com/detalle-casa/venta-club+de+golf+santa+anita-tlajomulco+de+zuniga-jalisco-45640-2072000
 Nueva Galicia Residencial,13000,160,4 ,2.0  , 3.0  ,http://www.casasyterrenos.com/detalle-casa/renta-nueva+galicia+residencial-tlajomulco+de+zuniga-jalisco-2246181
 El Palomar,21000,601,4 ,4.0  , 3.0  ,http://www.casasyterrenos.com/detalle-casa/renta-el+palomar-tlajomulco+de+zuniga-jalisco-45640-2244851
 Privanza Camino Real,11500,145,3 ,3.0  , 3.0  ,http://www.casasyterrenos.com/detalle-casa/renta-privanza+camino+real-tlajomulco+de+zuniga-jalisco-45640-2193219
 Fraccionamiento La Rioja,22000,300,3 ,4.0  , 3.0  ,http://www.casasyterrenos.com/detalle-casa/renta-fraccionamiento+la+rioja-tlajomulco+de+zuniga-jalisco-2244816
 Punto Sur,17400,208,3 ,4.5  , 2.0  ,http://www.casasyterrenos.com/detalle-casa/renta-punto+sur-tlajomulco+de+zuniga-jalisco-45645-2228933
 Cortijo San Agustin,7500,90,2 ,1.5  , 1.0  ,http://www.casasyterrenos.com/detalle-casa/renta-cortijo+san+agustin-tlajomulco+de+zuniga-jalisco-45640-2050608
 Cortijo San Agustin,6800,76,2 ,2.0  , 1.0  ,http://www.casasyterrenos.com/detalle-casa/renta-cortijo+san+agustin-tlajomulco+de+zuniga-jalisco-45640-2054059
 Sendero Las Moras,11500,,3 ,3.0  , 2.0  ,http://www.casasyterrenos.com/detalle-casa/renta-sendero+las+moras-tlajomulco+de+zuniga-jalisco-2206708
 Villa California,10000,140,3 ,2.5  , 2.0  ,http://www.casasyterrenos.com/detalle-casa/renta-villa+california-tlajomulco+de+zuniga-jalisco-45645-2120490
 Tres Pinos,4000,90,2 ,2.0  , 2.0  ,http://www.casasyterrenos.com/detalle-casa/renta-tres+pinos-tlaquepaque-jalisco-2163211
 Ciudad Bugambilias,17600,288,3 ,3.0  , 3.0  ,http://www.casasyterrenos.com/detalle-casa/renta-ciudad+bugambilias-zapopan-jalisco-45237-2145669
 Lomas De San Agustin,5700,75,3 ,2.0  , 1.0  ,http://www.casasyterrenos.com/detalle-casa/renta-lomas+de+san+agustin-tlajomulco+de+zuniga-jalisco-2136863
 San Miguel Residencial,2300,110,2 ,1.0  ,0,http://www.casasyterrenos.com/detalle-casa/renta-san+miguel+residencial-tlajomulco+de+zuniga-jalisco-2206386
 Bosques De Santa Anita,9500,250,5 ,4.0  , 3.0  ,http://www.casasyterrenos.com/detalle-casa/renta-bosques+de+santa+anita-tlajomulco+de+zuniga-jalisco-2087477
 Balcones De La Calera,0,800,2 ,1.0  , 10.0  ,http://www.casasyterrenos.com/detalle-casa/renta-balcones+de+la+calera-tlajomulco+de+zuniga-jalisco-1996547
 Villas De Santa Anita,9000,300,3 ,2.0  , 3.0  ,http://www.casasyterrenos.com/detalle-casa/renta-villas+de+santa+anita-tlajomulco+de+zuniga-jalisco-1964685
 Colinas De Santa Anita,99000,1586,8 ,8.0  , 10.0  ,http://www.casasyterrenos.com/detalle-casa/renta-colinas+de+santa+anita-tlajomulco+de+zuniga-jalisco-2005010
 Club De Golf Santa Anita,37000,1000,4 ,5.5  , 4.0  ,http://www.casasyterrenos.com/detalle-casa/renta-club+de+golf+santa+anita-tlajomulco+de+zuniga-jalisco-45640-1941641
 El Alcázar (casa Fuerte),22000,,4 ,4.0  , 3.0  ,http://www.casasyterrenos.com/detalle-casa/renta-el+alcazar+(casa+fuerte)-tlajomulco+de+zuniga-jalisco-2086973
 Fraccionamiento El Origen,10500,102,3 ,2.0  , 2.0  ,http://www.casasyterrenos.com/detalle-casa/renta-fraccionamiento+el+origen-tlajomulco+de+zuniga-jalisco-2034186
 Cortijo De San Agustin,10500,249,3 ,2.0  , 2.0  ,http://www.casasyterrenos.com/detalle-casa/renta-cortijo+de+san+agustin-tlajomulco+de+zuniga-jalisco-2231831
 Sendero Las Moras,12000,144,2 ,3.0  , 2.0  ,http://www.casasyterrenos.com/detalle-casa/renta-sendero+las+moras-tlajomulco+de+zuniga-jalisco-2172492
 Coto Arezzo,6000,96,3 ,2.0  , 2.0  ,http://www.casasyterrenos.com/detalle-casa/renta-coto+arezzo-tlaquepaque-jalisco-45601-2241085
 San Agustin,6900,,3 ,2.0  , 2.0  ,http://www.casasyterrenos.com/detalle-casa/renta-san+agustin-tlajomulco+de+zuniga-jalisco-2225587
 Acueducto San Agustin,7900,,4 ,2.0  , 2.0  ,http://www.casasyterrenos.com/detalle-casa/renta-acueducto+san+agustin-tlajomulco+de+zuniga-jalisco-2179079
 Acueducto San Agustin,9950,,3 ,2.0  , 2.0  ,http://www.casasyterrenos.com/detalle-casa/renta-acueducto+san+agustin-tlajomulco+de+zuniga-jalisco-2179065
 Los Gavilanes,17000,134,3 ,4.0  , 1.0  ,http://www.casasyterrenos.com/detalle-casa/renta-los+gavilanes-tlajomulco+de+zuniga-jalisco-2160460
 La Rioja,20000,260,0,0,0,http://www.casasyterrenos.com/detalle-casa/renta-la+rioja-tlajomulco+de+zuniga-jalisco-2155889
 Loreto,6500,90,3 ,2.5  , 1.0  ,http://www.casasyterrenos.com/detalle-casa/renta-loreto-tlaquepaque-jalisco-45603-2146530
 Los Manzanos,11000,140,3 ,2.5  , 2.0  ,http://www.casasyterrenos.com/detalle-casa/renta-los+manzanos-tlajomulco+de+zuniga-jalisco-45640-2146705
 Nueva Galicia Residencial,12400,119,3 ,3.5  , 2.0  ,http://www.casasyterrenos.com/detalle-casa/renta-nueva+galicia+residencial-tlajomulco+de+zuniga-jalisco-45645-2223578
 Los Manzanos,17000,152,4 ,3.5  , 2.0  ,http://www.casasyterrenos.com/detalle-casa/venta-los+manzanos-tlajomulco+de+zuniga-jalisco-45640-2075913
 Nueva Galicia,9500,119,3 ,2.5  , 2.0  ,http://www.casasyterrenos.com/detalle-casa/renta-nueva+galicia-tlajomulco+de+zuniga-jalisco-45640-2219455
 Foresta Santa Anita,8000,110,3 ,3.5  , 2.0  ,http://www.casasyterrenos.com/detalle-casa/renta-foresta+santa+anita-tlajomulco+de+zuniga-jalisco-45645-2239825
 Alta California,8500,120,3 ,3.0  , 2.0  ,http://www.casasyterrenos.com/detalle-casa/renta-alta+california-tlajomulco+de+zuniga-jalisco-45645-2239622
 La Tijera,15600,119,3 ,2.5  , 2.0  ,http://www.casasyterrenos.com/detalle-casa/renta-la+tijera-tlajomulco+de+zuniga-jalisco-45620-2239573
 Villa Fontana Aqua,2500,64,2 ,2.0  , 1.0  ,http://www.casasyterrenos.com/detalle-casa/renta-villa+fontana+aqua-tlajomulco+de+zuniga-jalisco-2131914
 Casa Fuerte,3750000,226,3 ,2.5  , 2.0  ,http://www.casasyterrenos.com/detalle-casa/renta-casa+fuerte-tlajomulco+de+zuniga-jalisco-45645-2187178
 Arroyo Seco,8000,96,3 ,3.0  , 2.0  ,http://www.casasyterrenos.com/detalle-casa/renta-arroyo+seco-tlaquepaque-jalisco-45601-2147594
 Bosques De Santa Anita,7000,132,3 ,2.5  ,0,http://www.casasyterrenos.com/detalle-casa/renta-bosques+de+santa+anita-tlajomulco+de+zuniga-jalisco-45640-2140930
 El Manantial,22000,230,3 ,4.0  , 3.0  ,http://www.casasyterrenos.com/detalle-casa/renta-el+manantial-tlajomulco+de+zuniga-jalisco-45640-2239209
 Parques Del Bosque,8000,80,3 ,2.0  , 2.0  ,http://www.casasyterrenos.com/detalle-casa/renta-parques+del+bosque-tlaquepaque-jalisco-45609-2239097
 La Palmira,15000,240,2 ,3.0  ,0,http://www.casasyterrenos.com/detalle-casa/renta-la+palmira-zapopan-jalisco-1943086
 Real Del Valle,5000,74,3 ,2.0  , 1.0  ,http://www.casasyterrenos.com/detalle-casa/renta-real+del+valle-tlajomulco+de+zuniga-jalisco-45640-1954889
 Hacienda Los Fresnos,2500,80,2 ,1.5  , 1.0  ,http://www.casasyterrenos.com/detalle-casa/renta-hacienda+los+fresnos-tlajomulco+de+zuniga-jalisco-45640-2083620
 Del Pilar Residencial,13000,174,4 ,3.0  , 2.0  ,http://www.casasyterrenos.com/detalle-casa/venta-del+pilar+residencial-tlajomulco+de+zuniga-jalisco-45640-1971653
 Valle De Las Flores,4500,74,3 ,1.5  , 1.0  ,http://www.casasyterrenos.com/detalle-casa/venta-valle+de+las+flores-tlajomulco+de+zuniga-jalisco-45680-1979510
 Parques De Santa Cruz Del Valle,3000,80,3 ,2.0  , 2.0  ,http://www.casasyterrenos.com/detalle-casa/renta-parques+de+santa+cruz+del+valle-tlaquepaque-jalisco-2165297
 Senderos De Monte Verde,7000,140,3 ,2.5  , 2.0  ,http://www.casasyterrenos.com/detalle-casa/renta-senderos+de+monte+verde-tlajomulco+de+zuniga-jalisco-45640-2173927
 Parques Del Bosque,9500,184,3 ,2.0  , 2.0  ,http://www.casasyterrenos.com/detalle-casa/renta-parques+del+bosque-tlaquepaque-jalisco-45609-2176615
 Las Pintas,13800,350,3 ,2.0  ,0,http://www.casasyterrenos.com/detalle-casa/renta-las+pintas-el+salto-jalisco-45693-2238145
 Villas De La Hacienda,3600,90,3 ,2.5  , 2.0  ,http://www.casasyterrenos.com/detalle-casa/venta-villas+de+la+hacienda-tlajomulco+de+zuniga-jalisco-45684-2230613
 Parques Del Bosque,6800,10,4 ,3.0  , 2.0  ,http://www.casasyterrenos.com/detalle-casa/renta-parques+del+bosque-tlaquepaque-jalisco-45609-2237788
 Las Terrazas,4600,80,2 ,1.5  ,0,http://www.casasyterrenos.com/detalle-casa/renta-las+terrazas-tlaquepaque-jalisco-45610-2237396
 Altea,7500,90,2 ,1.0  , 2.0  ,http://www.casasyterrenos.com/detalle-casa/renta-altea-tlajomulco+de+zuniga-jalisco-45645-2234071
 Real Del Valle,5000,72,3 ,2.0  , 1.0  ,http://www.casasyterrenos.com/detalle-casa/renta-real+del+valle-tlajomulco+de+zuniga-jalisco-45640-1952386
 Bosque Real De Santa Anita,10000,140,3 ,2.5  , 2.0  ,http://www.casasyterrenos.com/detalle-casa/renta-bosque+real+de+santa+anita-tlajomulco+de+zuniga-jalisco-45640-2193016
 El Origen,12750,140,3 ,3.5  , 2.0  ,http://www.casasyterrenos.com/detalle-casa/renta-el+origen-tlajomulco+de+zuniga-jalisco-45645-2140937
 Santa Cruz Del Valle,4500,68,3 ,1.5  , 1.0  ,http://www.casasyterrenos.com/detalle-casa/renta-santa+cruz+del+valle-tlajomulco+de+zuniga-jalisco-45640-2233056
 La Rioja,19000,200,3 ,3.5  , 2.0  ,http://www.casasyterrenos.com/detalle-casa/renta-la+rioja-tlajomulco+de+zuniga-jalisco-45640-1975109
 Loreto,6500,90,3 ,2.5  , 2.0  ,http://www.casasyterrenos.com/detalle-casa/renta-loreto-tlaquepaque-jalisco-45603-2201360
 Nueva Galicia Residencial,10500,128,4 ,2.5  , 2.0  ,http://www.casasyterrenos.com/detalle-casa/renta-nueva+galicia+residencial-tlajomulco+de+zuniga-jalisco-45645-2223830
 Lomas De Santa Anita,9000,500,3 ,2.0  , 4.0  ,http://www.casasyterrenos.com/detalle-casa/renta-lomas+de+santa+anita-tlajomulco+de+zuniga-jalisco-45640-2229255
 El Palomar,23000,355,3 ,2.5  , 2.0  ,http://www.casasyterrenos.com/detalle-casa/renta-el+palomar-tlajomulco+de+zuniga-jalisco-45640-2229122
 Bugambilias,19500,313,4 ,5.0  , 2.0  ,http://www.casasyterrenos.com/detalle-casa/renta-bugambilias-zapopan-jalisco-2229066
 Del Pilar Residencial,11500,168,3 ,3.5  , 2.0  ,http://www.casasyterrenos.com/detalle-casa/renta-del+pilar+residencial-tlajomulco+de+zuniga-jalisco-45640-2117214
 Nueva Galicia,10000,119,3 ,3.5  , 2.0  ,http://www.casasyterrenos.com/detalle-casa/renta-nueva+galicia-tlajomulco+de+zuniga-jalisco-45640-2228737
 Alta California Residencial,6500,75,3 ,2.0  , 2.0  ,http://www.casasyterrenos.com/detalle-casa/renta-alta+california+residencial-tlajomulco+de+zuniga-jalisco-45645-2228611
 Casa Fuerte,10500,140,3 ,2.5  , 2.0  ,http://www.casasyterrenos.com/detalle-casa/renta-casa+fuerte-tlajomulco+de+zuniga-jalisco-45645-2228429
 Los Gavilanes,7900,140,3 ,2.5  , 2.0  ,http://www.casasyterrenos.com/detalle-casa/renta-los+gavilanes-tlajomulco+de+zuniga-jalisco-45640-179873
 Casa Fuerte,13800,200,3 ,3.0  , 2.0  ,http://www.casasyterrenos.com/detalle-casa/renta-casa+fuerte-tlajomulco+de+zuniga-jalisco-45645-2227267
 Los Gavilanes,19000,153,3 ,4.0  , 2.0  ,http://www.casasyterrenos.com/detalle-casa/renta-los+gavilanes-tlajomulco+de+zuniga-jalisco-45640-2226196
 Paseo De Los Agaves,5000,112,2 ,1.5  , 2.0  ,http://www.casasyterrenos.com/detalle-casa/venta-paseo+de+los+agaves-tlajomulco+de+zuniga-jalisco-45640-2076396
 Las Pintas,13800,350,3 ,2.0  ,0,http://www.casasyterrenos.com/detalle-casa/renta-las+pintas-el+salto-jalisco-45693-2224229
 La Tijera,8500,10,3 ,3.5  , 2.0  ,http://www.casasyterrenos.com/detalle-casa/renta-la+tijera-tlajomulco+de+zuniga-jalisco-45620-1757169
 Parques Del Bosque,6500,10,2 ,2.5  , 2.0  ,http://www.casasyterrenos.com/detalle-casa/renta-parques+del+bosque-tlaquepaque-jalisco-45610-1482806
 Nueva Galicia,12500,127,3 ,2.5  , 2.0  ,http://www.casasyterrenos.com/detalle-casa/renta-nueva+galicia-tlajomulco+de+zuniga-jalisco-45640-2223641
 Parques Del Bosque,10700,160,4 ,3.0  , 2.0  ,http://www.casasyterrenos.com/detalle-casa/renta-parques+del+bosque-tlaquepaque-jalisco-45609-2219679
 Club De Golf Atlas,27500,600,5 ,6.5  , 7.0  ,http://www.casasyterrenos.com/detalle-casa/renta-club+de+golf+atlas-el+salto-jalisco-45623-1861343
 Villa California,10500,110,3 ,2.5  , 2.0  ,http://www.casasyterrenos.com/detalle-casa/venta-villa+california-tlajomulco+de+zuniga-jalisco-45640-2221415
 El Origen,9500,110,3 ,2.5  , 1.0  ,http://www.casasyterrenos.com/detalle-casa/renta-el+origen-tlajomulco+de+zuniga-jalisco-45645-1884258
 El Origen,9500,110,3 ,2.5  , 1.0  ,http://www.casasyterrenos.com/detalle-casa/renta-el+origen-tlajomulco+de+zuniga-jalisco-45645-1884248
 Alta California Residencial,8500,105,3 ,2.5  , 2.0  ,http://www.casasyterrenos.com/detalle-casa/renta-alta+california+residencial-tlajomulco+de+zuniga-jalisco-45645-2219847
 Real De Bosque,12500,195,3 ,3.5  , 3.0  ,http://www.casasyterrenos.com/detalle-casa/renta-real+de+bosque-tlajomulco+de+zuniga-jalisco-46640-2127476
 Bugambilias,16500,400,3 ,2.5  , 3.0  ,http://www.casasyterrenos.com/detalle-casa/renta-bugambilias-zapopan-jalisco-2026255
 Las Terrazas,4100,75,2 ,1.5  , 1.0  ,http://www.casasyterrenos.com/detalle-casa/renta-las+terrazas-tlaquepaque-jalisco-45610-2126755
 Provenza Residencial,22000,310,3 ,4.0  , 2.0  ,http://www.casasyterrenos.com/detalle-casa/renta-provenza+residencial-tlajomulco+de+zuniga-jalisco-45650-2218895
 Del Pilar Residencial,13000,100,3 ,3.5  , 2.0  ,http://www.casasyterrenos.com/detalle-casa/renta-del+pilar+residencial-tlajomulco+de+zuniga-jalisco-45640-2113168
 Casa Fuerte,8000,100,3 ,2.5  , 2.0  ,http://www.casasyterrenos.com/detalle-casa/renta-casa+fuerte-tlajomulco+de+zuniga-jalisco-45645-2010260
 Sendero De Las Moras,12000,160,4 ,3.0  , 2.0  ,http://www.casasyterrenos.com/detalle-casa/renta-sendero+de+las+moras-tlajomulco+de+zuniga-jalisco-45640-2216004
 San Miguel Residencial,4900,85,2 ,1.5  , 2.0  ,http://www.casasyterrenos.com/detalle-casa/renta-san+miguel+residencial-tlajomulco+de+zuniga-jalisco-45650-2173794
 Parques Del Bosque,7200,120,4 ,2.5  , 2.0  ,http://www.casasyterrenos.com/detalle-casa/renta-parques+del+bosque-tlaquepaque-jalisco-45610-1448096
 Santa Cruz De Las Flores,3500,75,2 ,1.5  , 1.0  ,http://www.casasyterrenos.com/detalle-casa/renta-santa+cruz+de+las+flores-tlajomulco+de+zuniga-jalisco-45645-2215472
 Bonanza,7500,128,3 ,2.5  , 2.0  ,http://www.casasyterrenos.com/detalle-casa/renta-bonanza-tlajomulco+de+zuniga-jalisco-45640-2119524
 Las Terrazas Residencial,5000,70,2 ,2.0  , 2.0  ,http://www.casasyterrenos.com/detalle-casa/renta-las+terrazas+residencial-tlaquepaque-jalisco-2214954
 Sendero De Las Moras,10500,149,3 ,2.5  , 2.0  ,http://www.casasyterrenos.com/detalle-casa/renta-sendero+de+las+moras-tlajomulco+de+zuniga-jalisco-45640-1919416
 Las Pintas,30000,600,4 ,4.5  , 6.0  ,http://www.casasyterrenos.com/detalle-casa/renta-las+pintas-el+salto-jalisco-45693-2211769
 Bosque Real De Santa Anita,9500,140,3 ,2.5  , 2.0  ,http://www.casasyterrenos.com/detalle-casa/venta+y+renta-bosque+real+de+santa+anita-tlajomulco+de+zuniga-jalisco-2212504
 Union Del Cuatro,4500,68,3 ,2.0  ,0,http://www.casasyterrenos.com/detalle-casa/renta-union+del+cuatro-tlajomulco+de+zuniga-jalisco-45640-2185505
 San Agustin,13500,120,3 ,3.0  , 2.0  ,http://www.casasyterrenos.com/detalle-casa/renta-san+agustin-tlajomulco+de+zuniga-jalisco-45640-2211496
 Villa California,9000,160,3 ,1.5  , 2.0  ,http://www.casasyterrenos.com/detalle-casa/renta-villa+california-tlajomulco+de+zuniga-jalisco-45645-2026906
 Las Moras,15500,163,3 ,2.5  , 2.0  ,http://www.casasyterrenos.com/detalle-casa/renta-las+moras-tlajomulco+de+zuniga-jalisco-2210831
 Santa Anita Camino Real,12000,142,2 ,3.0  , 2.0  ,http://www.casasyterrenos.com/detalle-casa/renta-santa+anita+camino+real-tlajomulco+de+zuniga-jalisco-45645-2210796
 Bosques De Santa Anita,9500,119,3 ,2.5  , 2.0  ,http://www.casasyterrenos.com/detalle-casa/renta-bosques+de+santa+anita-tlajomulco+de+zuniga-jalisco-45640-471513
 Bosques De Santa Anita,7500,131,2 ,2.5  , 2.0  ,http://www.casasyterrenos.com/detalle-casa/renta-bosques+de+santa+anita-tlajomulco+de+zuniga-jalisco-45640-2178484
 Bonanza,12000,180,4 ,3.5  , 8.0  ,http://www.casasyterrenos.com/detalle-casa/renta-bonanza-tlajomulco+de+zuniga-jalisco-45640-2074289
 Bosques De Santa Anita,9000,119,3 ,2.5  , 2.0  ,http://www.casasyterrenos.com/detalle-casa/renta-bosques+de+santa+anita-tlajomulco+de+zuniga-jalisco-45640-2202711
 San Agustin,14510,102,3 ,2.5  , 2.0  ,http://www.casasyterrenos.com/detalle-casa/renta-san+agustin-tlajomulco+de+zuniga-jalisco-45640-2202487
 Los Abedules,2400,72,2 ,1.0  , 1.0  ,http://www.casasyterrenos.com/detalle-casa/renta-los+abedules-tlajomulco+de+zuniga-jalisco-45650-2125453
 Bellaterra Cumbres Platino,12500,126,3 ,2.5  , 2.0  ,http://www.casasyterrenos.com/detalle-casa/renta-bellaterra+cumbres+platino-tlajomulco+de+zuniga-jalisco-45645-1858193
 Club De Golf Santa Anita,24000,760,3 ,4.0  , 6.0  ,http://www.casasyterrenos.com/detalle-casa/renta-club+de+golf+santa+anita-tlajomulco+de+zuniga-jalisco-45640-1985700
 Parques Del Bosque,9150,90,3 ,2.5  , 2.0  ,http://www.casasyterrenos.com/detalle-casa/renta-parques+del+bosque-tlaquepaque-jalisco-45610-2170672
 San Remo,16000,1833,5 ,4.5  , 5.0  ,http://www.casasyterrenos.com/detalle-casa/renta-san+remo-tlajomulco+de+zuniga-jalisco-45640-1731389
 Club De Golf Atlas,30000,400,5 ,6.5  , 8.0  ,http://www.casasyterrenos.com/detalle-casa/renta-club+de+golf+atlas-el+salto-jalisco-45623-2194024
 Nueva Galicia,15500,168,3 ,2.5  , 2.0  ,http://www.casasyterrenos.com/detalle-casa/renta-fraccionamiento+nueva+galicia+residencia-tlajomulco+de+zuniga-jalisco-20071-1993193
 Nueva Galicia,15500,115,3 ,2.5  , 2.0  ,http://www.casasyterrenos.com/detalle-casa/renta-nueva+galicia-tlajomulco+de+zuniga-jalisco-45640-2193429
 Nueva Galicia,12000,105,3 ,3.5  , 2.0  ,http://www.casasyterrenos.com/detalle-casa/renta-nueva+galicia-tlajomulco+de+zuniga-jalisco-45640-2193254
 Villa California,7500,140,3 ,1.5  , 2.0  ,http://www.casasyterrenos.com/detalle-casa/renta-villa+california-tlajomulco+de+zuniga-jalisco-45645-1931691
 Villa California,9000,120,3 ,2.5  , 2.0  ,http://www.casasyterrenos.com/detalle-casa/renta-villa+california-tlajomulco+de+zuniga-jalisco-45640-2187843
 San Agustin,7500,130,3 ,2.5  , 2.0  ,http://www.casasyterrenos.com/detalle-casa/renta-san+agustin-tlajomulco+de+zuniga-jalisco-45640-1669382
 Club De Golf Santa Anita,35000,600,3 ,3.0  , 4.0  ,http://www.casasyterrenos.com/detalle-casa/renta-club+de+golf+santa+anita-tlajomulco+de+zuniga-jalisco-45640-2187269
 La Rioja,21000,220,3 ,3.0  , 2.0  ,http://www.casasyterrenos.com/detalle-casa/renta-la+rioja-tlajomulco+de+zuniga-jalisco-45640-2187080
 Bugambilias,16500,250,3 ,2.5  , 2.0  ,http://www.casasyterrenos.com/detalle-casa/renta-bugambilias-zapopan-jalisco-2157492
 Villa California,9000,140,3 ,2.5  , 2.0  ,http://www.casasyterrenos.com/detalle-casa/renta-villa+california-tlajomulco+de+zuniga-jalisco-45640-1783378
 La Providencia,5500,80,3 ,1.0  , 1.0  ,http://www.casasyterrenos.com/detalle-casa/renta-la+providencia-tlajomulco+de+zuniga-jalisco-45640-2185722
 Bosques De Santa Anita,9000,140,3 ,2.5  , 2.0  ,http://www.casasyterrenos.com/detalle-casa/renta-bosques+de+santa+anita-tlajomulco+de+zuniga-jalisco-45640-2185442
 Cortijo San Agustin,8000,140,3 ,2.5  , 2.0  ,http://www.casasyterrenos.com/detalle-casa/renta-cortijo+san+agustin-tlajomulco+de+zuniga-jalisco-45640-2069585
 Bonanza,7000,128,3 ,2.5  , 2.0  ,http://www.casasyterrenos.com/detalle-casa/renta-bonanza-tlajomulco+de+zuniga-jalisco-45640-2098971
 San Martin Del Tajo,29000,11,4 ,4.5  , 2.0  ,http://www.casasyterrenos.com/detalle-casa/renta-san+martin+del+tajo-tlajomulco+de+zuniga-jalisco-45640-2165276
 Parques Del Bosque,11000,100,3 ,2.5  , 2.0  ,http://www.casasyterrenos.com/detalle-casa/renta-parques+del+bosque-tlaquepaque-jalisco-45609-1956521
 Villa Fontana,3300,104,3 ,2.0  , 1.0  ,http://www.casasyterrenos.com/detalle-casa/venta-villa+fontana-tlaquepaque-jalisco-45615-2025338
 Senderos De Monte Verde,10000,180,3 ,3.0  , 2.0  ,http://www.casasyterrenos.com/detalle-casa/renta-senderos+de+monte+verde-tlajomulco+de+zuniga-jalisco-45640-2176741
 Los Gavilanes,15000,315,4 ,3.0  , 4.0  ,http://www.casasyterrenos.com/detalle-casa/venta+y+renta-los+gavilanes-tlajomulco+de+zuniga-jalisco-2175831
 El Palomar,25000,300,4 ,4.5  , 4.0  ,http://www.casasyterrenos.com/detalle-casa/renta-el+palomar-tlajomulco+de+zuniga-jalisco-45640-2109920
 Club De Golf Santa Anita,26000,863,3 ,3.0  , 4.0  ,http://www.casasyterrenos.com/detalle-casa/renta-club+de+golf+santa+anita-tlajomulco+de+zuniga-jalisco-45640-2171008
 Villa Fontana,3800,96,3 ,2.0  , 2.0  ,http://www.casasyterrenos.com/detalle-casa/renta-villa+fontana-tlaquepaque-jalisco-45615-2170714
 San Agustin Poniente,7500,85,2 ,1.5  , 2.0  ,http://www.casasyterrenos.com/detalle-casa/renta-san+agustin+poniente-tlajomulco+de+zuniga-jalisco-2159228
 Parques Del Bosque,8550,81,3 ,3.0  , 2.0  ,http://www.casasyterrenos.com/detalle-casa/renta-parques+del+bosque-tlaquepaque-jalisco-45609-2168909
 Los Gavilanes,15800,140,3 ,2.5  , 2.0  ,http://www.casasyterrenos.com/detalle-casa/renta-los+gavilanes-tlajomulco+de+zuniga-jalisco-45640-2167698
 Lomas De Santa Anita,12000,180,3 ,3.0  , 2.0  ,http://www.casasyterrenos.com/detalle-casa/renta-lomas+de+santa+anita-tlajomulco+de+zuniga-jalisco-45640-2132453
 Altea,5000,69,2 ,1.5  , 1.0  ,http://www.casasyterrenos.com/detalle-casa/renta-altea-tlajomulco+de+zuniga-jalisco-45645-2134665
 Cortijo San Agustin,6850,122,2 ,2.5  , 2.0  ,http://www.casasyterrenos.com/detalle-casa/renta-cortijo+san+agustin-tlajomulco+de+zuniga-jalisco-45640-1740189
 El Palomar,16000,140,3 ,3.5  , 2.0  ,http://www.casasyterrenos.com/detalle-casa/renta-el+palomar-tlajomulco+de+zuniga-jalisco-45640-2121491
 Haciendas Del Real,7800,120,4 ,2.5  , 2.0  ,http://www.casasyterrenos.com/detalle-casa/renta-haciendas+del+real-tlaquepaque-jalisco-45610-2160012
 El Origen,10500,105,2 ,2.5  , 2.0  ,http://www.casasyterrenos.com/detalle-casa/renta-el+origen-tlajomulco+de+zuniga-jalisco-45645-2159550
 Agua Blanca Sur,6500,100,3 ,1.5  , 2.0  ,http://www.casasyterrenos.com/detalle-casa/renta-agua+blanca+sur-zapopan-jalisco-45235-2157450
 Club De Golf Santa Anita,45000,1105,3 ,5.5  ,0,http://www.casasyterrenos.com/detalle-casa/renta-club+de+golf+santa+anita-tlajomulco+de+zuniga-jalisco-45640-1708742
 Sendero De Las Moras,8500,134,3 ,3.5  , 2.0  ,http://www.casasyterrenos.com/detalle-casa/renta-sendero+de+las+moras-tlajomulco+de+zuniga-jalisco-45640-1705502
 Santa Cruz De Las Flores,5500,115,3 ,2.0  , 2.0  ,http://www.casasyterrenos.com/detalle-casa/renta-santa+cruz+de+las+flores-tlajomulco+de+zuniga-jalisco-45645-2062452
 Punto Sur,13500,143,2 ,2.5  , 2.0  ,http://www.casasyterrenos.com/detalle-casa/venta-punto+sur-tlajomulco+de+zuniga-jalisco-45645-2066225
 Villa California,9000,140,3 ,1.5  , 2.0  ,http://www.casasyterrenos.com/detalle-casa/renta-villa+california-tlajomulco+de+zuniga-jalisco-45645-2138445
 Parques Del Bosque,14400,284,3 ,1.5  , 2.0  ,http://www.casasyterrenos.com/detalle-casa/renta-parques+del+bosque-tlaquepaque-jalisco-45609-2027529
 Villa California,7900,120,3 ,2.5  , 2.0  ,http://www.casasyterrenos.com/detalle-casa/renta-villa+california-tlajomulco+de+zuniga-jalisco-45645-1892468
 Real Del Valle,5000,72,3 ,2.0  , 2.0  ,http://www.casasyterrenos.com/detalle-casa/renta-real+del+valle-tlajomulco+de+zuniga-jalisco-45640-1955977
 Ciudad Bugambilias,20000,300,3 ,4.0  , 3.0  ,http://www.casasyterrenos.com/detalle-casa/renta-ciudad+bugambilias-zapopan-jalisco-45237-1981127
 Casa Fuerte,11500,203,3 ,2.0  , 2.0  ,http://www.casasyterrenos.com/detalle-casa/renta-casa+fuerte-tlajomulco+de+zuniga-jalisco-45645-2102646
 Vistas De San Agustin I,3000,59,2 ,1.5  , 1.0  ,http://www.casasyterrenos.com/detalle-casa/venta-vistas+de+san+agustin+i-tlajomulco+de+zuniga-jalisco-45640-1959349
 Arbolada Bosques De Santa Anita,6000,100,3 ,2.5  , 2.0  ,http://www.casasyterrenos.com/detalle-casa/renta-arbolada+bosques+de+santa+anita-tlajomulco+de+zuniga-jalisco-45640-2106903
 Alta California Residencial,8000,120,3 ,2.5  , 2.0  ,http://www.casasyterrenos.com/detalle-casa/renta-alta+california+residencial-tlajomulco+de+zuniga-jalisco-45645-1865883
 Rdcial Los Olivos,5800,160,3 ,1.5  , 2.0  ,http://www.casasyterrenos.com/detalle-casa/renta-rdcial+los+olivos-tlaquepaque-jalisco-45610-2119818
 Bellaterra Cumbres Platino,12800,140,3 ,3.5  , 2.0  ,http://www.casasyterrenos.com/detalle-casa/renta-bellaterra+cumbres+platino-tlajomulco+de+zuniga-jalisco-45645-2019997
 Acueducto San Agustin,10000,190,3 ,2.5  , 2.0  ,http://www.casasyterrenos.com/detalle-casa/venta-acueducto+san+agustin-tlajomulco+de+zuniga-jalisco-45640-2112027
 Los Manzanos,7800,149,3 ,2.0  , 2.0  ,http://www.casasyterrenos.com/detalle-casa/renta-los+manzanos-tlajomulco+de+zuniga-jalisco-45640-1380299
 Santa Cruz De Las Flores,4500,70,3 ,1.5  , 1.0  ,http://www.casasyterrenos.com/detalle-casa/renta-santa+cruz+de+las+flores-tlajomulco+de+zuniga-jalisco-45645-1978341
 Real Del Valle,5500,90,3 ,2.0  , 2.0  ,http://www.casasyterrenos.com/detalle-casa/renta-real+del+valle-tlajomulco+de+zuniga-jalisco-45640-1952416
 La Purisima,8000,1120,3 ,1.5  , 1.0  ,http://www.casasyterrenos.com/detalle-casa/renta-la+purisima-el+salto-jalisco-45681-1677258
 Los Olivos De Tlaquepaque,4000,80,2 ,1.5  , 1.0  ,http://www.casasyterrenos.com/detalle-casa/renta-los+olivos+de+tlaquepaque-tlaquepaque-jalisco-2056299
 Santa Anita Camino Real,6000,80,3 ,2.5  , 2.0  ,http://www.casasyterrenos.com/detalle-casa/renta-santa+anita+camino+real-tlajomulco+de+zuniga-jalisco-45645-2109710
 Club De Golf Santa Anita,55000,1538,3 ,4.0  , 8.0  ,http://www.casasyterrenos.com/detalle-casa/venta-club+de+golf+santa+anita-tlajomulco+de+zuniga-jalisco-45640-1952036
 Bugambilias,11500,110,3 ,3.0  , 2.0  ,http://www.casasyterrenos.com/detalle-casa/renta-bugambilias-zapopan-jalisco-2032492
 Sendero De Las Moras,7600,140,1 ,1.0  , 2.0  ,http://www.casasyterrenos.com/detalle-casa/renta-sendero+de+las+moras-tlajomulco+de+zuniga-jalisco-45640-481483
 El Palomar,15500,300,3 ,4.0  , 1.0  ,http://www.casasyterrenos.com/detalle-casa/renta-el+palomar-tlajomulco+de+zuniga-jalisco-45640-1901673
 Santa Anita,7500,85,2 ,1.5  , 2.0  ,http://www.casasyterrenos.com/detalle-casa/renta-santa+anita-tlajomulco+de+zuniga-jalisco-45640-1949256
 Hacienda Real,6000,70,3 ,2.0  , 2.0  ,http://www.casasyterrenos.com/detalle-casa/renta-hacienda+real-tonala-jalisco-45428-1938066
 Bosques Cedros,15000,144,3 ,3.5  , 2.0  ,http://www.casasyterrenos.com/detalle-casa/renta-bosques+cedros-tlajomulco+de+zuniga-jalisco-1855188
 Bugambilias,22000,300,3 ,3.5  , 3.0  ,http://www.casasyterrenos.com/detalle-casa/renta-bugambilias-zapopan-jalisco-1938031
 Villa California,7500,157,3 ,1.5  , 2.0  ,http://www.casasyterrenos.com/detalle-casa/renta-villa+california-tlajomulco+de+zuniga-jalisco-45640-1996722
 Club De Golf Santa Anita,26000,760,3 ,4.0  , 6.0  ,http://www.casasyterrenos.com/detalle-casa/renta-club+de+golf+santa+anita-tlajomulco+de+zuniga-jalisco-45640-2098670
 La Providencia,2500,107,2 ,1.0  , 1.0  ,http://www.casasyterrenos.com/detalle-casa/renta-la+providencia-tlajomulco+de+zuniga-jalisco-45640-1698650
 Lomas De Santa Anita,7500,250,3 ,3.0  , 3.0  ,http://www.casasyterrenos.com/detalle-casa/renta-lomas+de+santa+anita-tlajomulco+de+zuniga-jalisco-45640-1707646
 La Rioja,19000,210,3 ,2.5  , 2.0  ,http://www.casasyterrenos.com/detalle-casa/renta-la+rioja-tlajomulco+de+zuniga-jalisco-45640-2094680
 Bugambilias,18000,329,4 ,4.5  , 4.0  ,http://www.casasyterrenos.com/detalle-casa/renta-bugambilias-zapopan-jalisco-2001426
 Nueva Galicia,8500,90,2 ,2.0  , 2.0  ,http://www.casasyterrenos.com/detalle-casa/renta-nueva+galicia-tlajomulco+de+zuniga-jalisco-45640-2042082
 Nueva Galicia,13000,180,3 ,3.5  , 2.0  ,http://www.casasyterrenos.com/detalle-casa/renta-nueva+galicia-tlajomulco+de+zuniga-jalisco-45640-2017127
 Villa California,10000,156,3 ,2.0  , 2.0  ,http://www.casasyterrenos.com/detalle-casa/renta-villa+california-tlajomulco+de+zuniga-jalisco-45640-1980343
 Fraccionamiento El Origen,9500,102,3 ,2.5  , 2.0  ,http://www.casasyterrenos.com/detalle-casa/renta-fraccionamiento+el+origen-tlajomulco+de+zuniga-jalisco-1940686
 Los Encinos,4500,72,2 ,1.5  , 2.0  ,http://www.casasyterrenos.com/detalle-casa/renta-los+encinos-tlajomulco+de+zuniga-jalisco-45653-2024561
 Banus,6500,169,3 ,2.5  , 3.0  ,http://www.casasyterrenos.com/detalle-casa/renta-banus-tlajomulco+de+zuniga-jalisco-45640-1938301
 Club De Golf Santa Anita,35000,970,3 ,5.0  , 3.0  ,http://www.casasyterrenos.com/detalle-casa/venta-club+de+golf+santa+anita-tlajomulco+de+zuniga-jalisco-45640-1883888
 Club De Golf Santa Anita,45000,1210,3 ,5.0  , 4.0  ,http://www.casasyterrenos.com/detalle-casa/venta-club+de+golf+santa+anita-tlajomulco+de+zuniga-jalisco-45640-2059701
 Baja California,6000,250,4 ,1.5  , 4.0  ,http://www.casasyterrenos.com/detalle-casa/renta-baja+california-el+salto-jalisco-45693-1705538
 El Palomar,20000,900,2 ,3.5  , 4.0  ,http://www.casasyterrenos.com/detalle-casa/renta-el+palomar-tlajomulco+de+zuniga-jalisco-45640-1738529
 Club De Golf Santa Anita,35000,970,4 ,5.0  , 3.0  ,http://www.casasyterrenos.com/detalle-casa/venta-club+de+golf+santa+anita-tlajomulco+de+zuniga-jalisco-45640-1866913
 El Palomar,15000,300,3 ,2.5  , 2.0  ,http://www.casasyterrenos.com/detalle-casa/renta-el+palomar-tlajomulco+de+zuniga-jalisco-45640-1902133
 Lomas De Santa Anita,16000,580,5 ,2.0  , 2.0  ,http://www.casasyterrenos.com/detalle-casa/venta-lomas+de+santa+anita-tlajomulco+de+zuniga-jalisco-45640-1759324
 Bugambilias,15000,385,3 ,2.5  , 2.0  ,http://www.casasyterrenos.com/detalle-casa/renta-bugambilias-zapopan-jalisco-1770788
 Villas De Santa Anita,10500,270,3 ,2.0  , 6.0  ,http://www.casasyterrenos.com/detalle-casa/renta-villas+de+santa+anita-tlajomulco+de+zuniga-jalisco-45645-2043314
 Alta California,7000,90,3 ,3.0  , 2.0  ,http://www.casasyterrenos.com/detalle-casa/renta-alta+california-tlajomulco+de+zuniga-jalisco-45645-1976953
 Nueva Galicia Residencial,15000,164,3 ,2.5  , 2.0  ,http://www.casasyterrenos.com/detalle-casa/renta-nueva+galicia+residencial-tlajomulco+de+zuniga-jalisco-45645-2032352